raw_name,clean_name,standardised_name
Affenpinscher,Affenpinscher,Affenpinscher
"Hound, Afghan",Afghan Hound,Afghan Hound
"Terrier, Airedale",Airedale Terrier,Airedale Terrier
Airedale Terrier,Airedale Terrier,Airedale Terrier
Akita,Akita,Akita
Alaskan Malamute,Alaskan Malamute,Alaskan Malamute
"Bulldog, American",American Bulldog,American Bulldog
American Bulldog,American Bulldog,American Bulldog
American Bully,American Bully,American Bully
"Spaniel, American Cocker",American Cocker Spaniel,American Cocker Spaniel
"Hound, American Fox",American Fox Hound,American Fox Hound
"Terrier, American Pit Bull",American Pit Bull Terrier,American Pit Bull Terrier
"Terrier, American Staffordshire",American Staffordshire Terrier,American Staffordshire Terrier
American Staffordshire Terrier,American Staffordshire Terrier,American Staffordshire Terrier
"Spaniel, American Water",American Water Spaniel,American Water Spaniel
"Shepherd, Anatolian",Anatolian Shepherd,Anatolian Shepherd
Anatolian Shepherd,Anatolian Shepherd,Anatolian Shepherd
"Cattle, Australian",Australian Cattle,Australian Cattle
Australian Cattle,Australian Cattle,Australian Cattle
Australian Kelpie,Australian Kelpie,Australian Kelpie
Australian Koolie,Australian Koolie,Australian Koolie
"Shepherd, Australian",Australian Shepherd,Australian Shepherd
Australian Shepherd,Australian Shepherd,Australian Shepherd
"Terrier, Australian Silky",Australian Silky Terrier,Australian Silky Terrier
Australian Silky Terrier,Australian Silky Terrier,Australian Silky Terrier
"Terrier, Australian",Australian Terrier,Australian Terrier
Basenji,Basenji,Basenji
Basset Fauve de Bretange,Basset Fauve de Bretange,Basset Fauve de Bretange
"Hound, Basset",Basset Hound,Basset Hound
Basset Hound,Basset Hound,Basset Hound
Beagle,Beagle,Beagle
"Collie, Bearded",Bearded Collie,Bearded Collie
Bearded Collie,Bearded Collie,Bearded Collie
Beauceron,Beauceron,Beauceron
"Griffon, Beauceron",Beauceron Griffon,Beauceron Griffon
Beauceron Griffon,Beauceron Griffon,Beauceron Griffon
"Terrier, Bedlington",Bedlington Terrier,Bedlington Terrier
"Shepherd, Belgian (Groenendael)",Belgian (Groenendael) Shepherd,Belgian Shepherd (Groenendael)
"Shepherd, Belgian (Laekenois)",Belgian (Laekenois) Shepherd,Belgian Shepherd (Laekenois)
"Shepherd, Belgian (Malinois)",Belgian (Malinois) Shepherd,Belgian Shepherd (Malinois)
"Shepherd, Belgian (Tervueren)",Belgian (Tervueren) Shepherd,Belgian Shepherd (Tervuren)
Belgian Shepherd (Malinois),Belgian Shepherd (Malinois),Belgian Shepherd (Malinois)
Belgian Shepherd (Tervuren),Belgian Shepherd (Tervuren),Belgian Shepherd (Tervuren)
Bergamasco Shepherd,Bergamasco Shepherd,Bergamasco Shepherd
Bernese Mountain,Bernese Mountain,Bernese Mountain
Bichon Frise,Bichon Frise,Bichon Frise
"Coonhound, Black and Tan",Black and Tan Coonhound,Black and Tan Coonhound
"Terrier, Black Russian",Black Russian Terrier,Black Russian Terrier
Black Russian Terrier,Black Russian Terrier,Black Russian Terrier
Bloodhound,Bloodhound,Bloodhound
"Coonhound, Bluetick",Bluetick Coonhound,Bluetick Coonhound
Bolognese,Bolognese,Bolognese
"Collie, Border",Border Collie,Border Collie
Border Collie,Border Collie,Border Collie
"Terrier, Border",Border Terrier,Border Terrier
Border Terrier,Border Terrier,Border Terrier
Borzoi,Borzoi,Borzoi
"Terrier, Boston",Boston Terrier,Boston Terrier
Boston Terrier,Boston Terrier,Boston Terrier
Bouvier des Flandres,Bouvier des Flandres,Bouvier des Flandres
Boxer,Boxer,Boxer
Bracco Italiano,Bracco Italiano,Bracco Italiano
Briard,Briard,Briard
Brittany,Brittany,Brittany
Brittish Bulldog,Brittish Bulldog,Brittish Bulldog
"Griffon, Bruxellois",Bruxellois Griffon,Bruxellois Griffon
Bruxellois Griffon,Bruxellois Griffon,Bruxellois Griffon
"Mastiff, Bull",Bull Mastiff,Bull Mastiff
Bull Mastiff,Bull Mastiff,Bull Mastiff
"Terrier, Bull Miniature",Bull Miniature Terrier,Bull Miniature Terrier
"Terrier, Bull",Bull Terrier,Bull Terrier
Bull Terrier,Bull Terrier,Bull Terrier
Bulldog,Bulldog,Bulldog
"Terrier, Cairn",Cairn Terrier,Cairn Terrier
Cairn Terrier,Cairn Terrier,Cairn Terrier
Canaan,Canaan,Canaan
Cane Corso,Cane Corso,Cane Corso
Catahoula Leopard,Catahoula Leopard,Catahoula Leopard
Cattle Dog,Cattle Dog,Cattle Dog
"Spaniel, Cavalier King Charles",Cavalier King Charles Spaniel,Cavalier King Charles Spaniel
Cavalier King Charles Spaniel,Cavalier King Charles Spaniel,Cavalier King Charles Spaniel
Cesky Fousek,Cesky Fousek,Cesky Fousek
"Terrier, Cesky",Cesky Terrier,Cesky Terrier
"Retriever, Chesapeake Bay",Chesapeake Bay Retriever,Chesapeake Bay Retriever
Chesapeake Bay Retriever,Chesapeake Bay Retriever,Chesapeake Bay Retriever
Chihuahua Long Coat,Chihuahua Long Coat,Chihuahua (Long Coat)
Chihuahua Smooth Coat,Chihuahua Smooth Coat,Chihuahua (Smooth Coat)
Chinese Crested,Chinese Crested,Chinese Crested
Chow Chow,Chow Chow,Chow Chow
"Bully, Classic/Standard",Classic/Standard Bully,Classic/Standard Bully
"Spaniel, Clumber",Clumber Spaniel,Clumber Spaniel
"Spaniel, Cocker",Cocker Spaniel,Cocker Spaniel
Cocker Spaniel,Cocker Spaniel,Cocker Spaniel
Coton De Tulear,Coton De Tulear,Coton De Tulear
Cross,Cross,Cross
"Retriever, Curly-Coated",Curly-Coated Retriever,Curly-Coated Retriever
Curly-Coated Retriever,Curly-Coated Retriever,Curly-Coated Retriever
Dalmatian,Dalmatian,Dalmatian
"Terrier, Dandie Dinmont",Dandie Dinmont Terrier,Dandie Dinmont Terrier
Deerhound,Deerhound,Deerhound
Dingo,Dingo,Dingo
Dobermann,Dobermann,Dobermann
Dogo Argentino,Dogo Argentino,Dogo Argentino
Dogue de Bordeaux,Dogue de Bordeaux,Dogue de Bordeaux
Dogue De Bordeaux,Dogue De Bordeaux,Dogue de Bordeaux
"Shepherd, Dutch",Dutch Shepherd,Dutch Shepherd
"Pointer, English",English Pointer,English Pointer
English Pointer,English Pointer,English Pointer
"Setter, English",English Setter,English Setter
"Spaniel, English Springer",English Springer Spaniel,English Springer Spaniel
English Springer Spaniel,English Springer Spaniel,English Springer Spaniel
"Terrier, English Toy (Black & Tan)",English Toy (Black & Tan) Terrier,English Toy (Black & Tan) Terrier
Eurasier,Eurasier,Eurasier
"Spaniel, Field",Field Spaniel,Field Spaniel
Field Spaniel,Field Spaniel,Field Spaniel
"Lapphund, Finnish",Finnish Lapphund,Finnish Lapphund
"Spitz, Finnish",Finnish Spitz,Finnish Spitz
"Retriever, Flat-Coated",Flat-Coated Retriever,Flat-Coated Retriever
"Terrier, Fox (Smooth)",Fox (Smooth) Terrier,Fox (Smooth) Terrier
"Terrier, Fox (Wire)",Fox (Wire) Terrier,Fox (Wire) Terrier
Fox Terrier (Smooth),Fox Terrier (Smooth),Fox Terrier (Smooth)
Fox Terrier (Wire),Fox Terrier (Wire),Fox Terrier (Wire)
Foxhound,Foxhound,Foxhound
"Bulldog, French",French Bulldog,French Bulldog
French Bulldog,French Bulldog,French Bulldog
"Spitz, German (Klein)",German (Klein) Spitz,German (Klein) Spitz
"Spitz, German (Mittel)",German (Mittel) Spitz,German (Mittel) Spitz
"Pinscher, German",German Pinscher,German Pinscher
"Shepherd, German",German Shepherd,German Shepherd
German Shepherd,German Shepherd,German Shepherd
"Pointer, German Short Haired",German Short Haired Pointer,German Short Haired Pointer
German Short Haired Pointer,German Short Haired Pointer,German Short Haired Pointer
German Spitz,German Spitz,German Spitz
"Pointer, German Wire Haired",German Wire Haired Pointer,German Wire Haired Pointer
German Wire Haired Pointer,German Wire Haired Pointer,German Wire Haired Pointer
"Schnauzer, Giant",Giant Schnauzer,Giant Schnauzer
"Terrier, Glen of Imaal",Glen of Imaal Terrier,Glen of Imaal Terrier
"Retriever, Golden",Golden Retriever,Golden Retriever
Golden Retriever,Golden Retriever,Golden Retriever
"Setter, Gordon",Gordon Setter,Gordon Setter
Grand Basset Griffon Vendeen,Grand Basset Griffon Vendeen,Grand Basset Griffon Vendeen
Great Dane,Great Dane,Great Dane
Great Swiss Mountain Dog,Great Swiss Mountain Dog,Great Swiss Mountain Dog
Greyhound,Greyhound,Greyhound
Harrier,Harrier,Harrier
Havanese,Havanese,Havanese
Heading,Heading,Heading
Heading Dog,Heading Dog,Heading
"Puli, Hungarian",Hungarian Puli,Hungarian Puli
Hungarian Puli,Hungarian Puli,Hungarian Puli
"Vizsla, Hungarian",Hungarian Vizsla,Hungarian Vizsla
Hungarian Vizsla,Hungarian Vizsla,Hungarian Vizsla
Huntaway,Huntaway,Huntaway
"Hound, Ibizan",Ibizan Hound,Ibizan Hound
Icelandic Sheepdog,Icelandic Sheepdog,Icelandic Sheepdog
"Setter, Irish Red & White",Irish Red & White Setter,Irish Red & White Setter
"Setter, Irish",Irish Setter,Irish Setter
Irish Setter,Irish Setter,Irish Setter
"Terrier, Irish",Irish Terrier,Irish Terrier
"Spaniel, Irish Water",Irish Water Spaniel,Irish Water Spaniel
"Wolfhound, Irish",Irish Wolfhound,Irish Wolfhound
Irish Wolfhound,Irish Wolfhound,Irish Wolfhound
Italian Corso Dog,Italian Corso Dog,Italian Corso Dog
"Greyhound, Italian",Italian Greyhound,Italian Greyhound
"Spinone, Italian",Italian Spinone,Italian Spinone
"Terrier, Jack Russell",Jack Russell Terrier,Jack Russell Terrier
Jack Russell Terrier,Jack Russell Terrier,Jack Russell Terrier
Japanese Chin,Japanese Chin,Japanese Chin
"Spitz, Japanese",Japanese Spitz,Japanese Spitz
Japanese Spitz,Japanese Spitz,Japanese Spitz
Kangal,Kangal,Kangal
Keeshond,Keeshond,Keeshond
Kelpie,Kelpie,Beagle
"Terrier, Kerry Blue",Kerry Blue Terrier,Kerry Blue Terrier
"Spaniel, King Charles",King Charles Spaniel,King Charles Spaniel
Komondor,Komondor,Komondor
Korea Jindo,Korea Jindo,Korea Jindo
"Retriever, Labrador",Labrador Retriever,Labrador Retriever
Labrador Retriever,Labrador Retriever,Labrador Retriever
Lagotto,Lagotto,Lagotto
Lagotto Romagnolo,Lagotto Romagnolo,Lagotto Romagnolo
"Terrier, Lakeland",Lakeland Terrier,Lakeland Terrier
Leonberger,Leonberger,Leonberger
Lhasa Apso,Lhasa Apso,Lhasa Apso
"Chihuahua, Long Coat",Long Coat Chihuahua,Chihuahua (Long Coat)
Lowchen,Lowchen,Lowchen
Lurcher,Lurcher,Lurcher
Maltese,Maltese,Maltese
"Terrier, Manchester",Manchester Terrier,Manchester Terrier
"Sheepdog, Maremma",Maremma Sheepdog,Maremma Sheepdog
Mastiff,Mastiff,Mastiff
Min. Long Haired Dachshund,Min. Long Haired Dachshund,Min. Long Haired Dachshund
Min. Smooth Haired Dachshund,Min. Smooth Haired Dachshund,Min. Smooth Haired Dachshund
Min. Wire Haired Dachshund,Min. Wire Haired Dachshund,Min. Wire Haired Dachshund
Miniature American Shepherd,Miniature American Shepherd,Miniature American Shepherd
"Dachshund, Miniature Long Haired",Miniature Long Haired Dachshund,Miniature Long Haired Dachshund
"Pinscher, Miniature",Miniature Pinscher,Miniature Pinscher
Miniature Pinscher,Miniature Pinscher,Miniature Pinscher
"Poodle, Miniature",Miniature Poodle,Miniature Poodle
Miniature Poodle,Miniature Poodle,Miniature Poodle
"Schnauzer, Miniature",Miniature Schnauzer,Miniature Schnauzer
Miniature Schnauzer,Miniature Schnauzer,Miniature Schnauzer
"Dachshund, Miniature Smooth Haired",Miniature Smooth Haired Dachshund,Miniature Smooth Haired Dachshund
"Dachshund, Miniature Wire Haired",Miniature Wire Haired Dachshund,Miniature Wire Haired Dachshund
Munsterlander,Munsterlander,Munsterlander
NA,NA,NA
"Mastiff, Neapolitan",Neapolitan Mastiff,Neapolitan Mastiff
Neapolitan Mastiff,Neapolitan Mastiff,Neapolitan Mastiff
Newfoundland,Newfoundland,Newfoundland
"Terrier, Norfolk",Norfolk Terrier,Norfolk Terrier
"Elkhound, Norwegian",Norwegian Elkhound,Norwegian Elkhound
"Terrier, Norwich",Norwich Terrier,Norwich Terrier
"Retriever, Nova Scotia Duck Tolling",Nova Scotia Duck Tolling Retriever,Nova Scotia Duck Tolling Retriever
"Sheepdog, Old English",Old English Sheepdog,Old English Sheepdog
"Hound, Otter",Otter Hound,Otter Hound
Papillon,Papillon,Papillon
"Terrier, Parson Jack Russell",Parson Jack Russell Terrier,Parson Jack Russell Terrier
Pekingese,Pekingese,Pekingese
"Griffon, Petit Basset",Petit Basset Griffon,Petit Basset Griffon
"Hound, Pharaoh",Pharaoh Hound,Pharaoh Hound
Pharoah Hound,Pharoah Hound,Pharaoh Hound
Pit Bull Terrier,Pit Bull Terrier,Pit Bull Terrier
"Coonhound, Plott",Plott Coonhound,Plott Coonhound
"Bully, Pocket",Pocket Bully,Pocket Bully
Pointer,Pointer,Pointer
"Sheepdog, Polish Lowland",Polish Lowland Sheepdog,Polish Lowland Sheepdog
Pomeranian,Pomeranian,Pomeranian
Portugese Podengo,Portugese Podengo,Portugese Podengo
Portuguese Water,Portuguese Water,Portuguese Water Dog
Portuguese Water Dog,Portuguese Water Dog,Portuguese Water Dog
Pug,Pug,Pug
"Mastiff, Pyrenean",Pyrenean Mastiff,Pyrenean Mastiff
Pyrenean Mountain,Pyrenean Mountain,Pyrenean Mountain Dog
Pyrenean Mountain Dog,Pyrenean Mountain Dog,Pyrenean Mountain Dog
"Shepherd, Pyrenean",Pyrenean Shepherd,Pyrenean Shepherd
"Coonhound, Redbone",Redbone Coonhound,Redbone Coonhound
Rhodesian Ridgeback,Rhodesian Ridgeback,Rhodesian Ridgeback
Ridgeback,Ridgeback,Rhodesian Ridgeback
Rottweiler,Rottweiler,Rottweiler
"Collie, Rough",Rough Collie,Rough Collie
Rough Collie,Rough Collie,Rough Collie
Russian Black Terrier,Russian Black Terrier,Russian Black Terrier
Russian Toy,Russian Toy,Russian Toy
Saint Bernard,Saint Bernard,Saint Bernard
Saluki,Saluki,Saluki
Samoyed,Samoyed,Samoyed
Schipperke,Schipperke,Schipperke
Schnauzer,Schnauzer,Schnauzer
"Terrier, Scottish",Scottish Terrier,Scottish Terrier
Scottish Terrier,Scottish Terrier,Scottish Terrier
"Terrier, Sealyham",Sealyham Terrier,Sealyham Terrier
Shar Pei,Shar Pei,Shar Pei
"Sheepdog, Shetland",Shetland Sheepdog,Shetland Sheepdog
Shetland Sheepdog,Shetland Sheepdog,Shetland Sheepdog
Shiba Inu,Shiba Inu,Shiba Inu
Shih Tzu,Shih Tzu,Shih Tzu
Shikoku,Shikoku,Shikoku
Siberian Husky,Siberian Husky,Siberian Husky
"Terrier, Skye",Skye Terrier,Skye Terrier
Sloughi,Sloughi,Sloughi
Smithfield,Smithfield,Smithfield
"Chihuahua, Smooth Coat",Smooth Coat Chihuahua,Chihuahua (Smooth Coat)
"Collie, Smooth",Smooth Collie,Smooth Collie
Smooth Collie,Smooth Collie,Smooth Collie
"Terrier, Soft Coated Wheaten",Soft Coated Wheaten Terrier,Soft Coated Wheaten Terrier
Soft Coated Wheaten Terrier,Soft Coated Wheaten Terrier,Soft Coated Wheaten Terrier
"Mastiff, Spanish",Spanish Mastiff,Spanish Mastiff
Spanish Water,Spanish Water,Spanish Water
Spinone Italiano,Spinone Italiano,Spinone Italiano
Springer Spaniel,Springer Spaniel,Springer Spaniel
"Terrier, Staffordshire Bull",Staffordshire Bull Terrier,Staffordshire Bull Terrier
Staffordshire Bull Terrier,Staffordshire Bull Terrier,Staffordshire Bull Terrier
"Dachshund, Standard Long Haired",Standard Long Haired Dachshund,Dachshund (Long Haired)
"Poodle, Standard",Standard Poodle,Standard Poodle
Standard Poodle,Standard Poodle,Standard Poodle
"Dachshund, Standard Smooth Haired",Standard Smooth Haired Dachshund,Dachshund (Smooth Haired)
"Dachshund, Standard Wire Haired",Standard Wire Haired Dachshund,Dachshund (Wire Haired)
Std. Smooth Haired Dachshund,Std. Smooth Haired Dachshund,Dachshund (Smooth Haired)
Std. Wire Haired Dachshund,Std. Wire Haired Dachshund,Dachshund (Wire Haired)
Stumpy Tail Cattle Dog,Stumpy Tail Cattle Dog,Stumpy-Tail Cattle
"Cattle, Stumpy-Tail",Stumpy-Tail Cattle,Stumpy-Tail Cattle
"Spaniel, Sussex",Sussex Spaniel,Sussex Spaniel
"Lapphund, Swedish",Swedish Lapphund,Swedish Lapphund
Swedish Vallhund,Swedish Vallhund,Swedish Vallhund
"Terrier, Tenterfield",Tenterfield Terrier,Tenterfield Terrier
Thai Ridgeback,Thai Ridgeback,Thai Ridgeback
"Mastiff, Tibetan",Tibetan Mastiff,Tibetan Mastiff
Tibetan Mastiff,Tibetan Mastiff,Tibetan Mastiff
"Spaniel, Tibetan",Tibetan Spaniel,Tibetan Spaniel
Tibetan Spaniel,Tibetan Spaniel,Tibetan Spaniel
"Terrier, Tibetan",Tibetan Terrier,Tibetan Terrier
"Poodle, Toy",Toy Poodle,Toy Poodle
Toy Poodle,Toy Poodle,Toy Poodle
"Coonhound, Tree Walker",Tree Walker Coonhound,Tree Walker Coonhound
Weimaraner,Weimaraner,Weimaraner
"Corgi, Welsh Cardigan",Welsh Cardigan Corgi,Welsh Cardigan Corgi
Welsh Cardigan Corgi,Welsh Cardigan Corgi,Welsh Cardigan Corgi
"Corgi, Welsh Pembroke",Welsh Pembroke Corgi,Welsh Pembroke Corgi
Welsh Pembroke Corgi,Welsh Pembroke Corgi,Welsh Pembroke Corgi
"Spaniel, Welsh Springer",Welsh Springer Spaniel,Welsh Springer Spaniel
Welsh Springer Spaniel,Welsh Springer Spaniel,Welsh Springer Spaniel
"Terrier, Welsh",Welsh Terrier,Welsh Terrier
Welsh Terrier,Welsh Terrier,Welsh Terrier
"Terrier, West Highland White",West Highland White Terrier,West Highland White Terrier
West Highland White Terrier,West Highland White Terrier,West Highland White Terrier
Whippet,Whippet,Whippet
White Swiss Shepherd Dog,White Swiss Shepherd Dog,White Swiss Shepherd Dog
Wire-Haired Terrier,Wire-Haired Terrier,Wire-Haired Terrier
"Bully, XL",XL Bully,XL Bully
Xoloitzquintle,Xoloitzquintle,Xoloitzquintle
"Terrier, Yorkshire",Yorkshire Terrier,Yorkshire Terrier
Yorkshire Terrier,Yorkshire Terrier,Yorkshire Terrier
